# OpenTelemetry Metrics report: .csv, 4 fields: 
# <metric name>, <period start, nanoseconds>, <period end, nanoseconds>, <metric value>
# See CsvMetricsExporter for details.
# 
# NAME, PERIOD_START_NANOS, PERIOD_END_NANOS, VALUE
DirectByteBufferAllocator.totalSizeOfBuffersAllocatedInBytes,1784806997371000000,1784807049532000000,0
FilePageCache.pageLoadsAboveSizeThreshold,1784806997371000000,1784807049532000000,0
FilePageCache.pageHits,1784806997371000000,1784807049532000000,0
DirectByteBufferAllocator.hits,1784806997371000000,1784807049532000000,3
FilePageCache.maxCacheSizeInBytes,1784806997371000000,1784807049532000000,327172096
FilePageCache.totalPageLoadsUs,1784806997371000000,1784807049532000000,273948
FilePageCache.pageFastCacheHits,1784806997371000000,1784807049532000000,6316
MappedFileStorage.totalBytesMapped,1784806997371000000,1784807049532000000,0
MappedFileStorage.storages,1784806997371000000,1784807049532000000,0
DirectByteBufferAllocator.disposed,1784806997371000000,1784807049532000000,314
DirectByteBufferAllocator.reclaimed,1784806997371000000,1784807049532000000,45
StorageLockContext.competingThreads.max,1784806997371000000,1784807049532000000,0
FilePageCache.totalPageDisposalsUs,1784806997371000000,1784807049532000000,1395
MappedFileStorage.totalTimeSpentOnMappingUs,1784806997371000000,1784807049532000000,25859
MappedFileStorage.totalPagesMapped,1784806997371000000,1784807049532000000,0
StorageLockContext.competingThreads.90P,1784806997371000000,1784807049532000000,0
FileChannelInterruptsRetryer.totalRetriedAttempts,1784806997371000000,1784807049532000000,0
DirectByteBufferAllocator.totalSizeOfBuffersCachedInBytes,1784806997371000000,1784807049532000000,41959424
FilePageCache.disposedBuffers,1784806997371000000,1784807049532000000,317
FilePageCache.pageLoads,1784806997371000000,1784807049532000000,317
StorageLockContext.competingThreads.avg,1784806997371000000,1784807049532000000,0.0
FilePageCache.maxRegisteredFiles,1784806997371000000,1784807049532000000,877
DirectByteBufferAllocator.misses,1784806997371000000,1784807049532000000,314
FilePageCache.capacityInBytes,1784806997371000000,1784807049532000000,629145600
FilePageCache.uncachedFileAccess,1784806997371000000,1784807049532000000,187
cacheStateStorage.get.counter,1784806997371000000,1784807049532000000,1
cacheStateStorage.set.duration,1784806997371000000,1784807049532000000,0
cacheStateStorage.get.duration,1784806997371000000,1784807049532000000,8
cacheStateStorage.set.counter,1784806997371000000,1784807049532000000,0
VFS.fileByIdCache.hits,1784806997371000000,1784807049532000000,0
VFS.fileChildByName,1784806997371000000,1784807049532000000,20
VFS.folderCaseSensitivityReads,1784806997371000000,1784807049532000000,0
VFS.rootsCount,1784806997371000000,1784807049532000000,0.0
VFS.invertedFileNameIndex.requests,1784806997371000000,1784807049532000000,0
VFS.fileByIdCache.misses,1784806997371000000,1784807049532000000,0
FlushQueue.queueSize90P,1784806997371000000,1784807049532000000,0
FlushQueue.tasksExecuted,1784806997371000000,1784807049532000000,0
AWTEventQueue.dispatchTimeMaxNs,1784806997371000000,1784807049532000000,0
AWTEventQueue.dispatchTime90PNs,1784806997371000000,1784807049532000000,0
FlushQueue.executionTimeAvgNs,1784806997371000000,1784807049532000000,0.0
FlushQueue.executionTimeMaxNs,1784806997371000000,1784807049532000000,0
WriteAction.executionsCount,1784806997371000000,1784807049532000000,1
FlushQueue.queueSizeAvg,1784806997371000000,1784807049532000000,0.0
FlushQueue.waitingTime90PNs,1784806997371000000,1784807049532000000,0
ReadAction.executionsCount,1784806997371000000,1784807049532000000,53
AWTEventQueue.eventsDispatched,1784806997371000000,1784807049532000000,0
AWTEventQueue.dispatchTimeAvgNs,1784806997371000000,1784807049532000000,0.0
FlushQueue.executionTime90PNs,1784806997371000000,1784807049532000000,0
AWTEventQueue.dispatchTimeTotalNS,1784806997371000000,1784807049532000000,1393676455
FlushQueue.queueSizeMax,1784806997371000000,1784807049532000000,0
FlushQueue.waitingTimeAvgNs,1784806997371000000,1784807049532000000,0.0
FlushQueue.waitingTimeMaxNs,1784806997371000000,1784807049532000000,0
Indexing.writer_3.totalTimeSpentWritingMs,1784806997371000000,1784807049532000000,0
Indexing.writesQueuedMin,1784806997371000000,1784807049532000000,9223372036854775807
Indexing.writer_2.totalTimeSpentWritingMs,1784806997371000000,1784807049532000000,0
Indexing.cache.totalCacheEvicted,1784806997371000000,1784807049532000000,0
Indexing.writesQueuedMax,1784806997371000000,1784807049532000000,0
Indexing.writer_1.totalTimeSpentWritingMs,1784806997371000000,1784807049532000000,0
Indexing.cache.totalCacheMisses,1784806997371000000,1784807049532000000,0
Indexing.cache.totalCacheAccesses,1784806997371000000,1784807049532000000,0
Indexing.totalTimeIndexersSleptMs,1784806997371000000,1784807049532000000,0
Indexing.writer_0.totalTimeSpentWritingMs,1784806997371000000,1784807049532000000,0
DiskQueryRelay.taskExecutionTotalTimeUs,1784806997371000000,1784807049532000000,24543
writeAction.wait.ms,1784806997371000000,1784807049532000000,2
DiskQueryRelay.tasksRequested,1784806997371000000,1784807049532000000,15
DiskQueryRelay.taskWaitingTotalTimeUs,1784806997371000000,1784807049532000000,34367
writeAction.count,1784806997371000000,1784807049532000000,1
writeAction.max.wait.ms,1784806997371000000,1784807049532000000,2
writeAction.median.wait.ms,1784806997371000000,1784807049532000000,0
DiskQueryRelay.tasksExecuted,1784806997371000000,1784807049532000000,15
